{"rmse": 8840.595418662277, "mae": 6838.5171334975375, "r2": 0.48025182074701134}