{"rmse": 9969.888596253626, "mae": 7887.732065588326, "r2": 0.3389861552613458}